"","geo_type","region","transportation_type","alternative_name","2020-01-13","2020-01-14","2020-01-15","2020-01-16","2020-01-17","2020-01-18","2020-01-19","2020-01-20","2020-01-21","2020-01-22","2020-01-23","2020-01-24","2020-01-25","2020-01-26","2020-01-27","2020-01-28","2020-01-29","2020-01-30","2020-01-31","2020-02-01","2020-02-02","2020-02-03","2020-02-04","2020-02-05","2020-02-06","2020-02-07","2020-02-08","2020-02-09","2020-02-10","2020-02-11","2020-02-12","2020-02-13","2020-02-14","2020-02-15","2020-02-16","2020-02-17","2020-02-18","2020-02-19","2020-02-20","2020-02-21","2020-02-22","2020-02-23","2020-02-24","2020-02-25","2020-02-26","2020-02-27","2020-02-28","2020-02-29","2020-03-01","2020-03-02","2020-03-03","2020-03-04","2020-03-05","2020-03-06","2020-03-07","2020-03-08","2020-03-09","2020-03-10","2020-03-11","2020-03-12","2020-03-13","2020-03-14","2020-03-15","2020-03-16","2020-03-17","2020-03-18","2020-03-19","2020-03-20","2020-03-21","2020-03-22","2020-03-23","2020-03-24","2020-03-25","2020-03-26","2020-03-27","2020-03-28","2020-03-29","2020-03-30","2020-03-31","2020-04-01","2020-04-02","2020-04-03","2020-04-04","2020-04-05","2020-04-06","2020-04-07","2020-04-08","2020-04-09","2020-04-10","2020-04-11","2020-04-12","2020-04-13","2020-04-14","2020-04-15","2020-04-16","2020-04-17","2020-04-18","2020-04-19","2020-04-20","2020-04-21","2020-04-22","2020-04-23","2020-04-24","2020-04-25","2020-04-26","2020-04-27","2020-04-28","2020-04-29","2020-04-30","2020-05-01","2020-05-02","2020-05-03"
"1","country/region","Albania","driving",NA,100,95.3,101.43,97.2,103.55,112.67,104.83,94.39,94.07,93.51,92.94,102.13,102.38,101.41,94.62,89.12,90.17,90.21,97.71,102.5,108.92,92.82,91.48,93.99,96.72,102.46,103.29,107.83,87.99,94.18,94.62,99.7,139.3,123.9,129.41,102.24,88.09,88.17,94.48,100.62,111.02,113.5,86.95,83.01,85.44,82.73,89.7,95.48,100.43,89.25,91.02,89.72,94.87,102.82,109.92,110.07,79.68,68.24,51.77,43.79,24.99,24.61,30.93,24.69,24.95,24.65,24.5,26.31,20.39,19.29,22.62,21.61,21.98,23.07,23.94,19.49,21.78,23.66,25.11,25.02,25.2,24.11,20.54,22.54,26.4,26.03,26.43,26.7,26.32,25.47,24.89,32.64,31.43,30.67,30,29.26,22.94,24.55,31.51,33.59,31.69,33.94,30.22,25.22,30.39,37.39,36.69,35.9,38.09,37.23,29.36,36
"3","country/region","Argentina","driving",NA,100,97.07,102.45,111.21,118.45,124.01,95.44,95.13,95.42,97.66,99.42,113.34,118.23,91.31,93.37,91.12,92.35,96.74,111.24,123.96,89.01,91.66,89.18,94.49,95.98,111.12,121.53,89.23,96.42,96.97,101.68,104.9,122.91,127.62,88.2,92.28,98.15,98.96,104.71,132.57,141.76,108.21,107.92,99.51,96.38,97.96,116.77,117.72,81.13,86.76,88.9,92.74,97.45,118.32,122.78,80.36,89.28,89.29,82.73,86.67,98.75,84.77,47.7,53.57,45.44,43.21,43.9,16.77,12.54,8.74,10.08,10.76,14.86,14.58,15.45,13.34,9.92,14.59,12.65,15.79,16.48,17.15,15.13,11.53,17.24,18.55,19.95,19.8,16.8,19.4,12.89,21.1,22.29,23.55,24.4,27.17,23.19,14.54,26.67,27.25,27.61,28.73,30.99,25.92,16.57,27.45,27.12,32.22,34.45,22.69,28.23,16.44
"5","country/region","Australia","driving",NA,100,102.98,104.21,108.63,109.08,89,99.35,103.53,106.8,107.4,115.65,109.66,88.59,85.18,95.91,99.4,99.92,103.04,103.73,85.73,93.39,95.83,98.63,102.4,107.46,106.55,86.33,98.78,100.08,103.28,106.19,116.62,115.36,93.51,98.27,101.79,105.38,107.29,113.37,118.25,97.6,97.5,102.7,104.46,106.23,113.6,117.64,98.24,97.35,99.14,101.63,106.02,113.97,113.49,93.23,91.21,96.44,99.94,100.79,102.79,98.75,78.16,81.59,80.52,78.87,79.24,83.55,78.17,60.74,66.41,62.49,60.19,57.96,59.9,48.25,36.69,51.18,51.92,52.04,51.54,54.23,41.58,33.34,51.75,53.17,55.01,59.24,33.19,36,26.95,31.72,53.14,55.91,56.56,58.77,47.51,36.9,53.34,56.93,58.06,59.69,62.87,47.84,41.89,55.39,59.09,59.46,59.46,63.12,58.4,48.67,58.18
"8","country/region","Austria","driving","Österreich",100,101.14,104.24,112.21,117.23,117.22,105.17,100.7,102.67,104.33,107.89,123.67,119.39,105.55,104.42,106.42,106.1,108.47,125.62,134.87,109.33,109.04,107.88,110.15,107.4,127.94,146.79,116.74,109.94,112.72,113.59,116.37,145.47,158.95,120.22,113.56,113.49,117.98,117.11,142.35,156.99,114.15,111.17,109,108.98,113.71,138.1,130.25,106.13,103.21,104.24,111.11,111.25,123.46,121.17,109.52,102.15,98.85,92.94,86.76,86.98,64.33,49.07,40.52,37.03,37.41,36.14,34.41,24.83,27.11,33.29,33.44,33.69,34.36,35.61,32.88,32.93,35.85,38.57,39.62,40.34,38.34,33.05,39.2,44.15,46.62,47.85,48.81,45.09,36.78,35.06,42.33,51.14,53.88,56.02,54.07,45.63,45.82,58.87,59.22,60.21,60.76,57.52,50.31,57.18,60.96,62.63,62.29,64.44,61.2,62.46,66.38
"10","country/region","Belgium","driving","België",100,101.19,107.49,107.67,117.38,119.32,102.68,103.67,107.83,110,108.65,116.76,120.76,104.16,105.12,106.85,111.21,112.96,127.96,122.89,104.88,106.02,109.17,111.05,111.1,123.19,129.25,97.76,109.52,111.55,115.6,118.19,131.29,135.91,110.6,115.29,120.26,121.9,123.29,133.24,123.59,105.29,116.44,116.56,118.01,117.4,125.62,119.54,103.95,107.71,108.25,115.66,118.33,127.52,129.93,107.09,108.15,105.81,105.97,87.63,81.16,63.44,56.86,60.42,56.34,44.1,38.45,36.98,32.06,32.36,36.3,38.73,38.62,39.03,40.38,35.25,29.76,37.08,39,40.52,39.51,41.05,38.02,38.44,43.29,46.58,48.56,49.18,51.57,47.49,37.88,37.2,46.52,49.42,51.74,50.94,41.76,44.35,50.04,51.51,54.36,54.25,52.29,49.02,49.02,52.77,51.69,54.59,54.06,48.03,50.82,54.76
"13","country/region","Brazil","driving","Brasil",100,99.71,100.9,101.88,113.69,114.38,91.06,97.54,98.14,97.91,98.51,109.53,111.8,88.93,92.86,95.19,94.85,96.31,109.54,109.56,83.8,92.5,92.97,93.75,96.35,114.55,117.52,86.93,99.25,95.71,98.43,98.92,115.44,123.46,92.31,95.54,99.59,102.06,109.38,141.63,140.3,103.13,102.5,99.46,92.81,91.16,101.9,107.46,77.97,88.51,90.22,92.18,95.49,110.82,118.71,82.64,90.32,92.92,92.58,89.66,103.57,106.68,71.69,70.59,64.88,58.47,52.15,51.7,39.66,27.58,34.89,34.84,35.26,37.57,42.94,41.63,30.76,40.12,41.85,44.28,45.51,50.52,50.88,35.1,45.53,48.59,51.93,58.89,44.88,58.22,36.49,46.79,47.91,49.89,50.47,56.91,56.26,38.14,51.62,45.15,53.67,55.04,59.39,59.43,40.2,51.35,54.57,56.02,64.63,55.37,58.58,42.66
"16","country/region","Bulgaria","driving","България",100,102.56,104.73,104.35,114.79,118.01,105.42,100.78,99.44,103.52,106.11,118.01,123.61,112.36,102.6,102.95,107.2,105.02,118.7,122.25,113.09,102.09,104.35,111.79,97.18,111.27,113.83,110.75,102.03,102.69,108.41,108.77,134.88,129.46,123.85,104.85,107.76,114.6,120.04,126.35,132.23,119.83,101.6,103.94,106.47,103.06,121.15,113.93,101.15,101.83,111.62,98.99,100.55,112.56,113.53,96.33,90.09,85.71,82.45,74.9,74.46,56.39,45.54,45.27,44.11,41.94,39.19,41.18,29.8,25.56,28.09,28.26,28.64,30.36,30.65,26.64,26.03,31.88,32.46,30.42,31.36,33.57,28.45,27.96,35.76,37.22,36.73,39.01,40.24,36.59,32.36,40.59,40.55,41.32,43.73,33.27,28.31,27.52,32.58,37.19,39.51,41.93,42.84,41.18,36.21,44.7,47.96,46.28,49.24,46.78,41.67,40.29
"18","country/region","Cambodia","driving","ព្រះរាជាណាចក្រកម្ពុជា",100,100.75,99.33,96,98.78,103.64,99.16,97.65,96.87,95.13,81.87,86.56,94.24,93.33,90.41,92.44,91.72,89.73,96.11,103.22,91.61,88.75,91.67,90.77,91.23,100.48,103.82,91.43,90.71,91.53,92.78,98.96,107.46,97.93,89.71,89.75,89.44,88.2,91.65,98.62,97.68,88.91,85.88,85.51,85.04,74.09,76.42,78.2,71.41,70.89,71.91,69.82,69.35,72.68,72.28,67.53,63.06,63.34,56.33,48.49,49.14,45.88,42.68,39.81,34.71,33.31,33.16,33.23,32.71,31.25,30.71,27.84,29.27,28.76,28.59,28.92,29.03,29.47,29.56,29.22,28.82,29.71,29.66,30.57,30.83,28.91,29.96,26.31,27.3,26.96,24.13,24.08,25.14,25.29,28.68,30.84,31.03,32,31.94,32.07,31.81,32.56,33.82,33.73,32.61,34.69,33.18,33.48,38.62,35.93,34.23,35.34
"20","country/region","Canada","driving",NA,100,102.91,99.74,105.17,122.34,102.5,84.46,102.63,104.31,107.37,110.29,127.88,116.84,88.06,98.11,102.75,104.73,109,129.2,119.47,88.42,97.41,100.25,103.6,105.72,120.32,118.1,92.45,104.41,107.15,108.19,115.97,140.55,125.71,103.84,95.14,111.82,113.99,119.01,136.41,128.05,98.89,102.34,107.2,104.04,105.22,131.32,125.25,96.88,105.19,110.89,112.29,117.74,128.31,119.48,95.1,102.06,103.97,103.94,100.22,101.24,87.16,68.17,74.1,67.21,63.91,62.16,63.93,53.45,41.73,49.42,48.66,47.57,46.94,52.63,43.08,36.69,45.01,47.15,48.1,47.17,51.71,44.5,36.1,47.06,48.1,50.81,56.31,45.48,47.79,35.19,44.73,52.28,54.67,56.14,61.27,54.89,45.1,58.27,57.54,59.5,62.07,69.4,61.33,49.16,62.59,64.78,66.72,68.45,78.5,68.25,58.95
"23","country/region","Chile","driving",NA,100,99.01,102.57,106.47,124.69,120.83,97.12,102.53,101.57,102.41,107.31,124.15,118.81,99.66,107.13,102.57,101.5,106.61,131.48,129.34,102.43,112.31,109.69,113.49,117.69,139.24,135.2,111.81,122.24,115.22,116.03,123.72,147.07,133.92,109.45,121.37,114.62,116.11,118.84,136.88,128.4,101.01,107.67,106.95,105.08,111.11,131.65,123.39,84.09,95.14,94.83,95.54,95.79,114.72,111.25,68.99,88.41,95.9,93.92,91.16,109.18,100.69,58.2,60.99,51.77,45.09,39.39,39.39,28.94,19.38,30.37,32.12,31.74,37.77,28.19,23.85,18.98,27.89,29.93,30.84,31.75,32.62,28.03,22.3,32,34.63,35.2,36.45,25.1,26.52,20.39,36.29,36.02,37.14,36.81,42.7,35.36,26.29,39.9,41.09,42.97,43.45,46.93,39.87,28.84,40.8,42.77,45.98,51.9,35.45,41,30.36
"25","country/region","Colombia","driving",NA,100,97.85,99.65,97.22,109.1,120.38,103.25,95.63,93.95,95.37,94.74,106.37,122.27,102.01,89.35,92.76,90.77,91.45,102.23,119.07,102.2,86.88,90.98,91.48,88.49,107.74,127.12,103.77,91.24,92.7,92.51,91.93,106.82,120.98,101.06,90.13,89.95,91.59,95.07,110.22,128.49,105.41,93.35,89.57,88.31,84.99,96.85,118.23,89.41,78.46,82.12,82.23,86.08,95.23,118.34,90.98,79.1,81.32,72.66,70.32,80.28,94.28,67,54,49.2,43.51,43.84,36.06,23.77,22,25.08,27.77,22.96,23.88,23.79,25.59,25.2,25.41,25.57,25.85,26.78,26.23,27.33,26.83,27.13,28.16,29.1,29.16,26.4,29.38,26.31,27.52,29.65,29.82,28.96,29.71,30.1,28.96,29.23,30.49,30.41,31.85,31.23,34.47,30.75,34.79,35.42,35.41,38.38,37.08,40.28,34.9
"27","country/region","Croatia","driving","Hrvatska",100,102.23,102.77,98.19,108.51,108.06,105.89,95.73,97.04,97.93,100.48,105.52,103.48,96.48,97.2,94.04,95.71,95.13,104.87,110.08,103.36,92.75,98.01,101.33,98.91,107.41,112.64,108.77,98.44,99.87,102.82,103.02,121.46,122.94,122.61,103.11,103.34,103.49,109.22,123.42,124,117.8,101.27,97.66,95.32,98.31,106.94,102.18,97.28,91.76,95.22,95.12,101.01,108.84,103.38,101.47,93.61,89.39,86.34,77.47,71.89,57.01,50.05,45.82,44.88,40.99,39.66,39.87,30.85,40.23,27.56,21.93,21.32,21.79,23.58,20.51,21.47,24.45,26.41,25.98,27.97,26.77,26.2,26.18,30.47,31.83,32.21,35.53,32.9,26.15,22.45,29.5,30.65,34.61,37.79,38.04,35.05,33.02,38.34,39.38,43.13,44.68,46.7,44.66,42.46,47.61,47.24,46.5,48.05,44.11,45.22,49.59
"29","country/region","Czech Republic","driving","Česká republika",100,101.17,106.68,109.34,123.54,112.54,105.38,99.26,101.99,107.94,108.64,119.07,111.51,102.61,101.47,105.2,107.57,109.63,117.92,113.7,109.45,108.48,109.26,109.62,111.94,128.92,125.16,115.82,106.97,114.42,118.95,122.99,142.36,135.66,120.36,115.34,116.58,119.7,120.49,137.04,130.49,116.86,114.4,116.85,115.37,118,125.78,117.44,112.31,107.43,107.64,117.5,114.66,129.65,114.79,111.5,106.7,99.23,100.34,92.35,84.13,62.63,63.56,48.85,46.98,48.38,47.62,45.95,32.7,37.56,45.6,48.07,49.53,49.05,54.62,51.82,44.6,50.82,51.43,55.58,57.43,54.6,48.59,60.85,62.78,68.46,72.04,74.78,66.1,67.07,65.41,54.2,67.89,75.47,82.81,82.59,75.66,68.55,77.91,82.2,84.55,85.59,87.52,74.46,84.81,87.33,89.54,86.2,90.76,83.87,76.66,81.52
"32","country/region","Denmark","driving","Danmark",100,103.67,105.55,104.16,110.4,105.47,103.52,102.37,104.12,107.02,107.19,112.43,106.45,99.5,100.78,103.15,106.05,107.95,121.58,114.3,110.32,105.32,107.72,108.5,107.35,114.06,105.43,93.99,103.42,107.14,108.02,110.03,113.19,104.27,98.93,102.21,107.19,110.27,112.79,118.37,109.78,103.25,103.9,110.44,110.13,112.25,124.22,116.13,107.98,103.48,108.13,109.36,110.75,118.81,113.75,104.49,101.64,100.99,90.37,67.62,66.97,62.05,56.49,62.62,58.82,55.46,59.78,60.23,56.59,55.81,59.21,60.48,62.93,64.33,66.46,62.57,59.38,64.61,70.8,69.53,69.08,72.34,67.84,75.49,84.67,86.89,89.81,74.33,74.66,71.32,71.54,73.58,77.88,80.32,82.37,85.22,80.85,84.05,85.69,88.88,91.11,93.2,92.28,85.8,85.75,86.22,89.35,88.06,90.64,94.39,87.7,95.53
"35","country/region","Egypt","driving","مصر",100,98.78,104.14,113.6,92.9,100.18,99.76,99.72,103.72,108.55,130.19,113.81,108.49,118.84,120.56,122.58,127.68,138.14,132.62,124.99,123.04,121.73,123.38,128.78,131.39,122.99,117.6,105.82,105.39,107.62,114.49,128.91,119.09,116.49,109.34,108.79,108.41,116.21,123.01,111.49,113.4,105.67,175.25,102.74,117.01,130.7,112.34,116.23,105.29,106.31,109.89,112.82,128.34,111.12,112.35,109.76,102.95,104.93,114.97,38.82,47.42,77.96,90.15,85.45,76.94,73.12,63.33,48.41,47.74,46.39,41.07,39.55,35.56,35.27,21.1,27.21,40.29,38.92,38.14,40.96,41.25,26.56,31.7,40.11,43.37,43.17,41.86,46.3,32.6,39.02,51.6,52.27,52.19,54.85,57.67,38.57,41.62,44.97,34.16,75.24,81.11,67.36,27.94,37.54,46.42,48.51,48.84,53.1,50.61,43.94,50.95,56.89
"37","country/region","Estonia","driving","Eesti",100,106.93,106.41,115.22,132.85,128.75,107.61,101.66,107.16,104.49,109.24,135.75,138.89,108.16,98.57,98.34,104.21,107.67,127.29,135.4,113.7,102.21,104.19,105.88,118.7,152.49,146.04,118.64,105.78,110.9,115.29,125.22,158.9,156.51,132.21,121.16,120.55,126.22,134.37,150.88,141.36,122.6,121.06,127.19,123.42,123.3,133.53,129.93,103.6,100.78,101.86,109.48,116.67,144.04,146.29,125.54,106.44,105.48,103.96,86.54,87.46,81.09,71.3,60.41,63.05,55.28,64.73,71.37,64.32,67.7,62.64,61.09,62.33,61.88,63.68,71.24,56.55,52.04,56.81,59.1,60.72,61.06,71.44,71.46,72.4,80.76,80.47,77.54,81.8,75.42,56.71,71.93,68.59,70.41,70.06,82.2,89.02,80.05,83.79,93.81,98.3,99.72,98.27,92.93,84.26,86.85,76.74,86.56,95.88,104.01,87.57,88.61
"40","country/region","Finland","driving","Suomi",100,102.42,105.41,104.46,117.78,120.16,112.58,100.97,103.11,103.27,103.37,119.02,119.09,110.2,97.3,102.31,103.05,103.3,121.3,118.69,112.36,101.01,103.31,103.1,105.07,125.1,125.04,112.75,102.38,104.23,108.16,114.97,135.6,138.63,117.3,108.23,111.13,115.39,116.04,134.8,141.73,122.31,111.17,111.63,115.06,116.1,134.01,135.92,114.53,106.14,107.21,107.62,109.68,127.47,127.69,114.36,99.3,99.82,98.53,86.92,91.48,91.77,79.93,69.2,66.72,67.71,71.84,81,75.7,72.88,66.03,66.46,68.8,73.21,75.92,72.23,68.49,67.71,68.26,71.48,70.79,71.94,73.12,73.74,73.07,75.52,80.18,83.39,76.81,76.06,54.91,74.72,72.53,75.78,76.8,88.83,87.21,86.59,84.52,93.02,90.86,90.33,98.01,84.5,90.16,88.14,89.67,93.91,103.51,86.23,91.21,102.18
"43","country/region","France","driving",NA,100,101.6,104.67,107.25,112.07,114.84,93.4,94.67,94.52,97.84,98.36,111.42,109.7,87.85,91.22,92.87,97.88,97.18,107.43,114.7,91.31,93.45,93.89,99.17,99.49,110.43,117.24,89.9,94.95,95.69,99.98,101.41,118.69,126.61,96.71,100.32,100.83,102.03,104.31,118.42,127.73,97.72,99.66,99.4,100.49,99.76,110.5,111.85,87.03,90.07,92.79,95.13,95.6,104.21,107.37,83.78,86.66,88.19,90.42,82.45,83.06,77.54,52.76,56.5,31.7,23.05,22.4,21.2,16.23,15.33,22.36,22.54,22.2,22.05,21.83,18.44,17.2,22.89,23.74,23.86,24.15,23.5,19.72,19.61,25.69,26.27,26.46,26.9,26.58,21.66,17.91,21.83,30.2,30.76,31.09,30.44,24.49,23.65,32.28,33.3,33.86,34.29,32.44,26.22,26.32,34.69,45.68,42.32,39.47,30.65,32.43,32.5
"46","country/region","Germany","driving","Deutschland",100,101.31,102.82,104.61,114.38,109.65,103.81,100.54,102.9,102.65,102.61,112.68,108.85,102.26,101.93,105.2,102.84,105.23,119.14,115.73,106.1,105.13,107.72,106.59,105.26,120.68,120.85,105.91,105.72,108.42,108.83,112.43,130.41,128,109.63,108,109.42,110.81,108.14,125.52,119.65,99.22,102.49,105.39,104.39,110.47,117.01,115.16,106.11,101.52,104.1,102.87,105.34,115.68,112.85,105.05,99.11,100.16,97.05,87.94,86.47,78.32,72.26,68.97,63.71,59.52,54.87,50.87,37.9,39.75,45.1,45.53,46.48,48.12,49.58,45.98,42.18,50,52.68,53.29,53.15,51.46,47.44,55.02,58.99,60.26,61.92,58.89,51.44,51.05,46.1,53.67,61.19,63.04,65.48,64.69,57.58,63.82,66.95,68.02,69.71,70.28,67.88,62.8,68.59,70.08,69.04,70.61,70.3,62.46,65.91,73.49
"49","country/region","Greece","driving","Ελλάδα",100,100.63,100.57,100.6,110.76,113.18,106.76,96.02,95.5,98.73,97.72,108.81,112.89,108.84,95.89,95.58,98.33,102.87,112.72,116.08,112.42,95.67,97.46,96.64,103.46,121.1,119.98,116.73,102.6,104.28,106.66,108.1,123.56,123.65,121.23,117.92,123.39,116.34,121.1,118.04,121.53,114.37,104.15,104.31,105.83,107.2,120.29,115.89,113.79,139.75,98.77,99.65,101.98,103.73,104.86,106.74,94.91,88.49,84.96,73.95,66.02,49.1,39.41,38.82,38.03,33.31,32.44,33.88,30.34,30.72,20.78,21.02,18.59,22.02,21.94,21.02,21.57,26.27,25.8,24.73,27,25.38,19.88,19.7,25.73,26.6,28.36,28.75,30.09,26.91,26.99,31.93,32.78,32.52,32.87,31.6,24.09,18.99,23.12,31.03,31.35,32.67,34.04,30.79,31.34,36.17,37.29,38.28,37.35,30.23,32.97,36.81
"51","country/region","Hong Kong","driving","香港",100,106.79,111.3,116,138.02,129.52,116.02,118.3,114.27,108.7,95.34,82.73,75.22,77.2,71.15,69.52,68.28,65.19,65.86,65.95,63.83,66.47,67.04,60.53,64.82,73.26,68.55,69.67,64.46,64.37,63.81,68.84,79.4,69.28,63.47,67.26,69.49,67.52,69.97,80.37,79.72,72.64,62.77,59.14,63.84,67.23,77.09,80.09,70.97,67.4,68.29,67.38,67.34,76.98,75.58,67.89,68.7,69.99,66.71,64.05,74.9,75.89,66.07,61.66,59.13,59.36,59.17,66.21,60.63,60.88,56.57,56.44,54.05,55.9,58.81,47.81,48.82,49.66,50.5,49.8,49.85,54.58,46.96,48.71,52.01,56.01,55.89,56.51,53.53,51.98,53.91,51.93,52.19,52.16,53.58,60.48,56.29,53.24,52.94,49.99,49.13,50.82,58.65,56.58,57.33,57.44,59.31,67.03,65.99,69.66,64.16,60.75
"53","country/region","Hungary","driving","Magyarország",100,100.89,103.13,106.74,119.57,111.98,100.08,99.79,99.22,101.49,108.57,120.08,114.68,100.38,99.38,100.36,101.38,104.59,120.41,120.99,108.44,103.11,103.75,107.9,110.58,127.22,125.31,113.24,107.4,108.79,112.34,123,142.05,137.99,120.76,115.33,116.53,118.15,121.46,137.21,133.62,119.17,111.98,113.21,112.38,114.67,125.99,119.91,106.2,104.57,107.28,107.74,114.05,129.49,122.28,107.74,103.48,101.59,97.53,93.39,93.01,78.78,71.09,64.95,58.26,55.33,54.66,55.61,39.15,36.07,40.79,43.23,43.61,46.11,55.78,36.55,39.59,42.85,46.81,47.83,50.67,54.44,49.08,50.09,54.22,57.83,61.81,61.82,46.85,42.64,35.85,43.02,56.56,58.74,60.71,62.89,53.12,48.86,58.21,59.45,62.24,62.15,65.81,55.45,56.99,62.19,65.63,65.04,69.08,57.11,59.23,61.26
"55","country/region","Iceland","driving","Ísland",100,107.33,113,114.84,135.74,135.06,108.76,106.44,109.04,104.02,98.62,131.83,132.81,118.67,112.99,110.48,113.17,119.45,148.12,148.89,125.84,115.34,120.31,124.53,135.36,153.76,155.16,134.15,120.87,130.44,124.44,129.68,108.57,155.2,137.71,143.23,138.34,141.17,152.04,162.66,168.43,140.17,126.51,123.6,122.89,135.48,164.21,173.18,133.55,137.12,133.23,130.81,141.71,166.05,157.89,136.76,125.93,129.5,117.99,109.65,124.53,114.42,86.1,76.9,73.4,69.04,63.75,63.27,51.09,31.55,45.84,46.72,42.25,46.05,57.76,58.44,45.01,49.33,51.03,55.04,61,66.74,46.44,27.41,56.35,61.96,79.2,53.58,41.42,62.21,34.74,40.16,61.01,61.67,58.6,71.11,53.42,45.91,57.68,59.72,69.8,56.23,74.68,79.72,62.12,64.58,68.22,70.14,88.53,81.9,85.74,66.32
"57","country/region","India","driving","भारत",100,102.35,107.96,110.77,120.64,136.84,122.4,106.83,101.75,103.08,101.67,113.52,125.46,116.77,106.81,106.16,114.93,115.4,122.46,131.49,119.28,108.72,111.32,105.92,110.8,126.79,137.98,133.39,109.32,108.38,115.12,115.6,136.8,141.22,134.78,110.74,109.83,111.83,119.25,126.09,132.79,125.45,112.01,121.54,118.45,115.22,124.07,130.42,120.68,108.04,102.79,105.28,105.2,118.4,128.65,112.75,93.18,94.54,101.21,97.05,101.01,107.66,97.37,85.91,81.34,78.24,69.53,63.43,45.24,32.67,40.44,25.3,21.93,21.22,21.93,21.92,21.19,19.22,17.86,17.67,16.99,16.72,16.58,16.3,16.69,16.78,17.34,17.25,17.56,17.28,17.28,17.49,18.73,18.56,18.04,17.94,17.79,18.96,19.07,18.62,18.23,18.62,18.92,18.17,18.21,19.22,19.11,19.77,20.75,21.51,22.15,24.11
"59","country/region","Indonesia","driving","Indonesia",100,100.95,103.17,103.49,127.22,135.77,109.68,103.62,101.54,106.06,110.31,142.98,144.2,116.83,105.27,105,102.55,100.66,129.64,147.18,117.4,103.69,103.6,105,106.75,131.57,145.83,112.79,103.37,102.29,102.07,107.27,133.75,142.78,109.17,98.27,96.71,103.73,107.9,134.18,142.24,107.99,102.07,99.4,98.92,100.77,129.12,143.34,110.82,97.69,95.87,97.14,102.06,130.82,139.89,106.16,96.88,96.96,96.2,93.03,114.99,116.88,87.76,77.54,72.22,67.97,62.5,66.39,64,51.47,46.59,40.72,39.29,39.48,43.74,42.48,40.44,39.72,40.62,42.03,41.87,43.66,45.19,42.23,41.82,41.97,41.76,41.47,42.66,42.26,41.82,42.14,42.52,42.33,41.52,42.84,45.05,42.91,43.57,43.07,43.8,38.26,36.46,37.51,39.16,37.98,37.93,39.8,40.88,42.83,42.85,43.29
"61","country/region","Ireland","driving",NA,100,113.54,113.02,123.29,127.76,130.2,116.27,115.13,116.94,119.09,120.16,131.57,139.57,119.13,109.41,111.59,117.47,120.01,138.74,141.94,120.11,107.74,114.74,115.79,119.08,138.66,136.41,105.52,108.86,111.78,120.17,122.45,148.33,136.51,123.27,129.51,133.33,137.54,142.65,157.03,141.99,120.65,113.98,114.18,120.71,126.33,141.19,127.32,122.75,121.44,125.08,124.54,126.59,142,142.49,128.59,117.1,109.29,106.08,92.88,89.47,80.93,69.95,61.82,54.96,54.48,56.76,60.7,51.39,59.8,46.17,44.57,43.56,43.93,60.93,32.65,24.21,28.42,28.76,28.86,29.19,31.41,26.47,22.99,29.75,32.72,33.68,32.6,31.38,27.02,19.52,24.78,31.97,32.6,34.27,35.65,29.82,28.07,36.79,36.06,35.8,35.99,37.2,31.58,27.19,34.49,36.28,35.55,36.07,48.99,38.35,31.5
"64","country/region","Israel","driving","ישראל",100,102.65,102.91,112.6,85.85,90.93,96.24,95.49,100.28,99.96,106.01,80.56,91.75,100.63,98.91,99.18,99.96,106.8,82.63,91.83,105.09,99.37,99,98.11,109.61,81.78,87.9,98.26,103.06,103.71,110.16,124.07,102.57,112.53,111.74,112.46,113.76,106.5,125.17,103.55,100.16,112.64,110.16,113.75,110.88,124.42,100.19,96.91,113.45,119.92,104.73,105.8,110.9,83.08,91.15,102.68,104.92,99.57,91.09,73.96,49.51,53.12,62.36,62.01,43.3,38.28,36.98,25.79,29.13,40.04,39.23,41.29,41.27,35.53,26.03,26.94,36.18,34.92,33.99,34.55,36.53,26.88,27.74,42.06,45.65,43.95,20.78,22.25,25.6,29.77,43.85,42.17,28.91,27.46,44.25,35.64,39.44,52.23,49.3,52.6,55.38,57.09,36.2,42.11,60.76,53.28,41.87,36.26,61.72,47.36,52.59,69.01
"66","country/region","Italy","driving","Italia",100,102.63,105.41,106.18,114.69,127.45,110.65,102.59,103.94,106.67,107.02,119.01,126.85,109.51,99.61,102.59,104.68,105.67,114.35,125.55,111.41,100.52,101.89,103.77,105.58,119.19,129.46,117.1,104.55,108.02,112.5,116.51,139.93,145.29,132.32,110.43,112.72,118.28,120.67,135.58,139.43,114.78,98.2,92.5,89.15,90.16,97.78,100.27,83.48,81.65,85.76,84.99,82.37,84.73,84.19,68.71,54.84,37.32,30.97,23.12,21.55,16.85,15.92,19.58,19.4,19.1,19.82,19.94,16.88,13.22,17.28,17.79,17.69,17.16,17.89,16.53,13.89,17.83,18.85,18.92,19.69,20.08,18.14,15.64,19.96,21.51,23.02,23.97,25.06,22,12.66,15.13,21.84,23.68,24.21,24.65,22.42,19.4,22.62,24.26,25.1,26.26,27.09,21.75,22.82,26.3,27.48,28.7,28.34,22.26,26.67,28.53
"69","country/region","Japan","driving","日本",100,97.94,99.14,103.16,123.15,130.54,104.44,100.01,99.73,99.02,102.76,129.78,131.34,101.47,94.7,99.11,101.33,101.75,128.05,132.95,106.91,103.28,103.66,103.12,105.07,132.39,148.54,120.49,128.3,112.01,109.2,110.99,134.71,131.54,114.42,111.43,111.19,112.58,116.79,140.56,161.69,142.83,116.21,107.01,107.46,103.29,112.22,114.58,103.92,105.91,103.24,106.01,110.8,122.87,115.69,113.65,108.76,116.12,117.83,115.47,123.4,133.14,120.19,119.97,123.25,127.56,152.83,161.59,148.75,127.72,124.82,128.24,128.82,121.43,122.59,111.03,111.53,105.3,97.79,98.41,99.61,107.26,97.79,91.93,87.35,83.74,81.2,79.75,85.41,69.08,67.85,74.14,78.43,77.49,73.73,67.08,72.91,67.95,70.73,70.45,69.58,70.42,74.9,67.8,68.85,70.05,69.1,73.08,75.34,78.43,72.08,69.96
"72","country/region","Latvia","driving","Latvija",100,100.86,103.78,106.99,117.63,117.49,103.15,102.24,102.12,103.22,103.71,122.65,124.21,103.64,100.15,99.27,104.75,104.33,120.46,115.39,100.69,102.88,105.67,102.77,106.85,125.66,129.95,110.71,104.18,116.77,116.46,115.91,146.66,134.01,110.55,108.26,109.37,107.69,114.64,134.09,127.43,109.67,109.16,105.86,106.2,113.13,134.46,122.41,100.84,98.53,106.91,103.35,112.68,128.26,125.94,108.47,99.05,101.3,97.94,81.05,86.18,74.49,74.55,63.64,62.99,55.92,65.05,63.25,63.43,60.66,55.75,56.89,62.11,64.77,74.1,77.67,50.3,49.27,52.13,50.21,54,58.76,63.77,70.48,71.02,78.75,78.18,70.06,72.83,69.72,46.42,55.04,58.11,63.09,61.69,68.54,74.24,70.24,65.96,73.26,78.78,76.29,78.77,81.06,73.13,71.92,72.38,76.82,89.74,97.14,72.42,83.73
"74","country/region","Lithuania","driving","Lietuva",100,98.15,102.22,107.33,120.05,112.07,96.12,99.92,101.45,103.11,105.19,123.64,115.89,94.54,97.08,101.54,100.93,100.78,118.84,108.72,98.1,98.55,104.1,105.18,109.32,127.25,115.79,103.09,105.11,106.4,107.55,115.47,140.21,123.28,105.49,112.58,117.64,119.31,122.03,133.66,123.23,98.97,104.49,102.21,106.77,106.6,118.77,103.25,95.49,97.86,101.25,101.6,107.58,126.28,118.82,99.15,98.9,109.73,95.15,84.7,92.53,70.39,63.46,52.73,55.8,50.65,51.37,55.04,51.11,45.06,46.78,50.06,50.34,53.24,58.89,63.49,40.55,45.98,48.14,48.26,46.12,54.14,57,58.35,60.23,67,65.58,62.11,58.47,34.02,27.11,38.32,56.29,56.9,62.38,69.63,63.54,60.89,65.05,66.66,72.72,77.46,82.51,72.23,69.65,71.41,75.05,74.24,86.29,86.19,75.11,75.74
"76","country/region","Luxembourg","driving",NA,100,98.06,95.12,103.03,100.71,87.19,75.75,96.94,96.91,95.07,97.63,100.48,84.33,73.95,95.47,95.18,95.32,95.53,98.69,87.22,77.85,96.56,95.01,99.11,100.32,100.54,87.95,69.59,96.96,102.13,103.62,101.41,110.86,89.15,74.07,89.04,91.02,87.1,88.19,100.62,82.6,72.98,92.77,94.01,91.08,137.89,98.98,89.82,76.01,96.58,93.73,96.23,105.27,97.48,87.76,73.26,88.76,89.18,83.72,74.98,77.71,53.82,46.81,57.07,43.03,33.2,28.48,26.93,18.2,18.43,23.72,23.6,24.68,24.33,25.91,22.38,18.85,24.77,25.34,26.12,25.73,26.81,24.12,23.27,27.85,28.18,29.56,30.05,31.95,27.54,21.48,22.79,30.44,30.74,31.88,33.99,29.02,30.16,35.24,38.63,38.65,39.6,40.1,34.56,35.22,47.34,44.67,44.89,41.54,30.43,35.52,40.15
"79","country/region","Macau","driving","澳門",100,110.99,115.14,118.61,157.14,153.88,139.85,155.84,144.2,108.73,81.69,58.19,47.32,37.96,31.9,31.78,32.35,31.3,31.22,28.96,28.43,26.99,23.42,22.34,20.68,22.01,21.56,22.76,24.75,23.08,24.63,26.93,26.9,22.82,23.45,27.02,30.36,31.17,32.58,29.4,33.53,30.74,29.22,31.85,33.26,31.51,33.99,35.35,34.93,34.58,33.98,29.46,32.68,35.88,36.28,37.21,33.38,36.61,34.8,28.43,34.23,38.92,32.51,28.16,25.4,25.54,25.43,25.17,27.18,25.86,25.08,24.7,26.06,27.56,26.48,26.3,25.66,23.19,21.99,20.75,23.65,23.18,24.23,23.43,24.66,28.06,24.88,26.51,25.04,26.3,27.14,26.75,25.2,23.56,25.86,29.16,30.37,26.97,27.16,26.63,23.09,24.89,25.9,32.13,28.13,26.53,26.17,31.11,34.02,31.14,32.47,29.69
"81","country/region","Malaysia","driving",NA,100,98.11,103.36,111.32,137.04,130.98,109.69,103.57,107.76,123.77,139.44,170.26,172.1,170.46,161.85,124.74,114.84,111.4,136.51,134.75,113.17,100.5,97.37,101.29,110.54,142.97,133.99,110.1,97.8,96.62,99.08,109.94,145.37,131.39,105.77,94.77,94.23,97.88,106.76,143.07,133.91,105.47,93.63,94.58,96.05,105.9,140.85,136.5,110,94.63,95.67,95.61,105.95,136.3,129.71,106.38,90.7,91.25,89.5,99.06,134.25,129.68,104.7,86.46,90.92,53.59,42.91,38.97,30.57,29.76,31.21,33.71,36.93,38.08,37.34,36.99,38.89,39.79,40.13,43.42,41.79,40.82,39.58,42.85,43.92,44.78,44.28,45.31,47.51,47.19,48.76,49.93,51.2,51.14,51.26,49.56,45.61,46.77,47.85,49.66,49.73,42.23,48.74,51.66,55.06,55.2,56.13,57.12,55.64,56.85,54.36,59.41
"83","country/region","Mexico","driving","México",100,100.53,102.35,106.06,127.97,134.25,93.02,99.86,98.24,98.54,103.06,125.88,132.98,91.64,95.34,95.59,97.85,103.95,131.82,138.16,97.29,92.83,97.7,96.65,102.16,123.82,132.78,91.93,98.9,101.42,103.35,114.35,152.62,148.02,103.95,104.15,103.08,104.29,109.57,135.59,146.51,104.9,101.38,99.87,100.1,103.94,131.15,141.72,96.36,94.55,96.33,98.55,103.76,129.77,142.61,96.45,82.96,98.22,99.53,102.63,132.65,142.31,97.35,80.27,75.86,68.46,65.28,69.84,62.58,41.83,46.66,44.21,42.82,44.2,49.05,49.65,35.04,41.52,41.5,41.39,41.34,46.09,45.68,33.35,39.47,40.31,42.44,38.8,35.13,37.77,32.18,39.94,40.05,41.18,41.56,47.31,47.11,35.21,41.68,40.67,41.72,42.08,46.53,47.25,35.53,41.58,42.99,45.62,51.32,47.31,51.89,39.33
"86","country/region","Morocco","driving","المملكة المغربية",100,99.8,101.5,108.9,121.4,143.32,131.57,125.79,130.38,135.43,135.24,140.48,146.61,131.6,106.67,104.64,105.64,105.87,114.12,134.8,125.96,107.51,107.27,113.29,109.6,121.23,140.21,130.78,110.68,110.07,114.3,113.72,128.88,146.06,129.27,117.5,119.15,118.34,121.35,127.93,144.15,134.85,113.4,114.4,114.98,117.64,132.97,145.77,135.07,108.98,108.42,114.44,109.68,124.89,137.16,122.44,103.66,103.35,102.38,96.79,98.86,100.34,74.76,60.04,47.18,41.46,34.18,30.68,17.58,14.92,16.38,15.65,16,15.28,15.79,13.43,13.29,16.03,16.51,16.11,16.09,16.32,16.83,13.94,16.13,16.87,17.35,16.76,17.62,16.1,16.78,18.45,17.09,17.91,17.13,17.69,17.94,16.81,21.17,19.68,21,20.43,19.85,15.74,13.84,17.6,17.69,18.2,19.67,18.69,19.51,16.85
"88","country/region","Netherlands","driving","Nederland",100,103.22,103.86,103.99,104.6,98.09,91.46,101.94,107.74,105.82,104.79,106.71,102.15,93.28,103.13,105.18,103.2,108.34,110.37,104.67,93.48,103.73,106.01,103.7,103.94,113.46,105.38,85.26,110.01,107.62,107.78,113.83,115.13,104.1,90.25,103.31,105.4,107.01,108.99,112.11,96.06,82.67,98,97.72,100.9,104.21,108.37,97.85,90.24,103.68,104.03,104.96,106.67,110.76,105.36,91.72,97.44,94.05,92.55,79.19,72.71,64.97,48.64,51.11,50.11,49.11,48.39,50.67,46.13,39,43.76,45.23,47.52,48.49,52.28,46.08,39.1,46.02,49.34,50.44,51.58,53.67,48.4,46.06,51.96,54.64,58.08,59.73,61.7,52.61,38.99,47.64,53.81,58.3,60.18,61.96,54.33,53.46,58.88,60.3,64.27,66.56,67.43,59.55,53,56.93,61.86,65.49,67.31,69.38,62.34,60.4
"91","country/region","New Zealand","driving",NA,100,102.94,105.58,115.94,107.02,97.92,101.9,103.19,106.85,109.24,128.77,115.17,100.11,103.33,102.37,102.63,103.61,110.78,105.37,91.13,98.12,108.51,119.93,100.48,112.09,107.56,104.48,104.59,110.32,112.65,114.02,135.42,118.38,103.9,107.75,110.15,112.45,115.93,127.27,116.53,105.16,103.24,108.05,110.38,112.87,120.26,111.59,98.86,97.36,101.53,104.21,105.76,117.9,111.65,97.25,97.97,97.82,101,101.58,110.32,103.76,87.15,84,79.91,80.12,76.21,80.46,68.01,55.18,62.7,61.24,47.6,15.98,14.39,11.5,11.1,14.53,15.58,16.47,16.2,16.41,13.63,12.7,16.14,17.09,18.02,19.08,12.05,15.28,11.66,12.05,16.53,16.98,17.32,17.49,14.61,13.15,16.88,18.24,19.53,19.97,21.57,16.95,16.29,17.68,48.2,47.15,44.28,46.83,39.17,28.4,39.73
"94","country/region","Norway","driving","Norge",100,98.43,102.34,105.02,122.49,113.46,114.54,98.58,98.9,102.31,105.37,120.93,113.67,114.26,98.53,99.58,101.29,103.96,121.18,114.8,121.29,99.55,97.63,102.9,105.99,126.73,123.15,126.38,104.17,105.06,109.65,113.14,139.76,128.46,120.93,113.44,111.35,119.43,122.75,131.05,123.29,139.77,105.9,105.34,110.26,108.6,122.45,116.55,116.36,100.98,102.48,106.28,112.1,124.82,111.53,118.28,96.35,93.88,86.81,80.56,73.72,59.14,51.2,56.73,54.58,54.07,55.82,58.87,55.9,53.79,59.29,57.57,59.26,62.82,64.12,61.53,58.65,67.54,69.14,70.62,71.62,76.72,64.39,63.56,81.79,82.87,79.99,71.7,68.83,57.14,65.55,76.24,76.83,80.47,81.25,87.04,84.42,86.32,90.86,91.42,92.76,95,95.99,86.21,93.6,89.08,92.22,97.11,110.62,91.74,94.68,105.28
"97","country/region","Philippines","driving","Philippines",100,100.24,103.21,103.05,118.16,106.21,102.14,96.36,99.39,98.52,107.16,133.99,112.1,102.12,92.9,91.66,91.15,90.35,102.45,95.24,86.73,83.64,82.17,81.29,87.72,107.52,96.73,88.15,83.01,84.3,84.8,90.36,114.94,100.02,91.69,86.92,88.97,86.9,90.84,108.61,102,93.46,95.18,86.95,83.34,84.11,105.69,94.34,85.29,78.76,78.13,77.74,82.83,102.67,93.65,80.64,71.25,67.78,60.2,53.63,63.58,48.06,36.39,35.76,30.72,26.86,23.55,21.6,20.26,19.89,19.51,18.94,18.71,18.52,18.06,17.67,17.98,17.56,17.71,17.1,17.45,17.31,17.06,19.37,19.05,20.37,18.2,17.37,18.34,18.02,19.83,19.55,20.04,19.37,19.94,19.23,17.85,18.39,18.03,18.95,18.37,18.43,18.18,18.09,19.46,19.93,20.3,19.99,21.36,20.64,19.64,21.42
"100","country/region","Poland","driving","Polska",100,101.09,103.79,108.02,122.96,110.25,97.99,102.17,101.87,103.91,106.6,120.92,109.57,97.06,102.26,101.66,105.25,107.4,121.13,110.21,98.24,104.68,104.75,107.42,110.14,127.72,123.46,106.91,107.18,105.5,107.51,112.8,136.51,126.18,111.76,110.33,109.42,112.25,113.5,127.95,115.87,103.59,104.7,106.9,104.46,107.81,122.21,104.55,99.16,101.58,101.5,101.92,104.6,119.81,102.53,96.15,96.24,93.93,88.81,77.49,69.31,50.63,42.34,45.09,45.27,46.22,44.21,43.4,35.54,33.92,39.98,41.65,36.15,37.32,39.82,36.7,31.42,36.85,37.38,36.33,35.78,36.6,29.51,30.2,37.44,39.56,41.94,43.48,40.34,25.88,19.78,26.98,40.16,42.75,43.04,45.54,37.09,37.55,51.06,53.08,55.11,58.92,61.28,50.78,55.53,61.38,65.66,63.44,72.65,57.35,59.62,63.73
"102","country/region","Portugal","driving",NA,100,98.87,98.6,101.02,116.97,124.07,107.25,99.11,100.59,100.62,101.74,116.73,127.65,107.63,98.26,100.63,100.89,108.16,123.61,131.86,116.13,108.11,107.63,114.07,115.19,133.97,141.11,121.32,116.64,114,115.95,119.56,151.81,157.05,130.4,123.16,121.3,122.04,124.48,146.89,161,151.23,148.82,122.44,122.69,121.11,137.48,139.29,117.51,109.9,111.21,112.75,115.23,132.27,148.35,119.55,107.63,104.44,99.32,83.92,77.63,63.77,45.72,42.91,36.97,34.09,25.37,23.05,20.09,18.49,21.86,22.6,22.97,22.11,24.01,20.84,17.95,21.15,22.59,22.27,24.47,24.97,20.79,17.4,23.48,25.35,27.97,21.94,17.58,18.04,16.78,21.54,28.86,27.83,26.62,29.48,27.27,24.61,26.56,28.66,29.74,30.69,32.13,28.66,26.03,31.42,32.54,32.71,37.18,25.16,28.04,30.95
"104","country/region","South Korea","driving","한국",100,98.53,101.94,108.13,122.17,113.73,110.31,108.45,105.33,112.78,134.89,132.5,133.36,119.25,101.94,97.54,95.77,104.55,106.2,83.78,80.08,80.06,77.33,76.93,76.81,85.16,79.42,79.03,81.57,80.72,84.53,85.16,96.68,83.25,76.41,78.7,82.67,81.38,79.4,79.63,67.53,64.55,62.29,62.25,61.46,55.92,55.41,51.12,52.72,52.48,53.41,52.79,53.55,57.92,55.26,56.98,53.45,56.01,54.97,55.19,60.69,54.44,53.37,52.49,54.39,53.18,54.92,65.77,59.72,55.75,56.17,56.38,55.21,54.29,62.41,60.07,56.55,56.24,58.4,59.07,59.06,71.97,65.09,58.14,60.28,59.74,59.07,58.76,69.49,60.85,57.41,59.57,68.22,58.92,58.76,68.86,64.38,55,59.43,57.6,60.3,63.5,71.99,72.07,63.2,63.63,67.8,93.02,89.85,89.36,81.04,81.83
"106","country/region","Romania","driving","România",100,98.15,98.69,99.2,107.51,98.25,93.67,96.71,95.43,95.58,103.59,105.27,96.56,97.4,92.93,91.87,91.41,94.44,100.48,95.8,94.46,92.1,92.72,93.78,89.84,100.86,94.28,93.56,93.72,96.11,98.29,101.33,116.74,105.11,105.2,100.8,99.18,102.38,105.7,115.4,103.33,102.36,96.28,94.67,95.03,93.6,104.1,91.31,89.29,89.36,92.22,92.5,92.41,104.37,95.31,87.57,84.96,82.48,77.04,68.92,64.27,48.99,46.41,48.01,46.57,45.23,43.4,44,35.68,32.11,31.61,31.88,25.69,25.83,25.29,21.3,22.94,28.56,28.38,28.29,28.66,28.21,23.8,25.33,29.72,30.76,31.29,31.13,31.44,24.93,26.6,32.88,34.35,35.52,34.22,28.5,22.38,18.78,25.36,32.29,34.86,36.22,35.73,28.88,32.04,37.36,38.76,40.47,38.31,31.36,30.87,32.63
"108","country/region","Russia","driving","Россия",100,101.13,102,103.86,111.2,107.34,102.74,102.88,105.62,106.04,106.18,114.4,107.62,104.16,105.06,106.76,105.36,107.26,114.67,107.35,103.63,103.43,105.31,107.4,108.56,113.51,105.89,102.91,105.67,108.03,109.87,112.41,124.25,113.37,107.96,107.44,111,112.54,117.7,132.56,119.17,98.03,110.32,107.76,109.73,112.49,118.32,110.44,104.5,103.4,108.29,109.96,116.65,130.31,119.01,101.35,113.87,108.58,109.8,107.6,114.46,108.95,100.08,101.1,103.54,100.43,100.26,106.16,93.22,90.74,93.79,94.91,94.43,95.15,102.53,76.99,65.35,59.68,54.1,47.14,46.17,49.35,45.98,47.82,53.17,57.15,57.54,59.5,62.77,55.68,55.92,59.94,61.43,59.61,58.43,60.45,52.15,50.24,58.62,60.48,60.61,61.54,64.28,58.11,58.5,64.88,67.19,70.31,77.78,67.56,63.76,62.77
"110","country/region","Saudi Arabia","driving","السعودية",100,99.96,97.57,100.88,98.07,83.17,74.13,74.99,76.08,78.25,90.34,92.76,76.29,72.21,82.43,82.12,87.18,110.78,113.37,86.9,79.03,80.53,82.08,86.23,109.87,117.25,88.62,80.81,82.96,83.03,88.06,107.56,110.57,85.45,76.86,79.12,78.7,83.82,105.19,109.71,82.14,76.5,77.67,79.43,86.19,114.36,124.63,89.83,82.2,82.18,84.53,87.61,112.35,115.64,84.32,73.81,81.75,87.86,90.62,95.18,91.31,76.18,68.53,64.75,62.61,62.68,63.68,59.74,49.4,44.73,35.69,38.86,41.65,42.49,40.76,41.49,40.97,42,41.13,42.77,41.52,40.67,42.22,42.68,40.41,38.64,41.62,39.81,40.22,41.6,43.19,40.3,40.43,40.98,38.23,38.76,40.04,41.83,43.09,42.77,44.63,39.31,31.79,33.99,37.79,42.28,44.47,46.03,45.05,46.95,46.68,46.27
"112","country/region","Serbia","driving","Србија",100,92.27,100.9,97.59,106.79,108.43,95.39,90.05,93.26,90.87,91.91,101.85,103.84,98.02,91.87,88.23,90.02,90.26,99.97,110.43,100.38,91.19,90.47,88.18,91.08,101.36,107.92,103.15,93.28,92.82,96.5,101.03,124.44,121,113.23,112.67,95.3,98.57,100.69,113.03,118.52,105.11,89.74,91.5,89.75,92.49,104.89,111.59,106.27,90.39,89.5,90.03,91.33,104.78,114.25,98.59,87.83,83.48,73.01,71.31,71.06,62.42,51.57,43.66,39,35.23,33.87,37.22,32.35,25.81,26.17,23.14,23.38,25.31,26.92,27.23,22.52,28.36,29.01,28.98,27.62,30.62,21.55,22.06,30.2,29.53,29.47,32.63,31.3,20.49,23.29,35.13,33.78,33.71,33.84,28.38,19.39,20.08,26.9,42.32,37.57,40.24,38.58,21.19,27.07,43.5,46.39,45.91,47.26,28.29,38.74,44.45
"114","country/region","Singapore","driving",NA,100,101.95,103.48,112.19,124.68,107.62,100.58,104.77,104.16,103.24,97.99,82.12,84.87,85.04,80.35,77.74,79.51,84.99,98.58,89.63,84.3,84.9,87.91,86.66,90.06,96.27,78.64,75.57,77.83,78.98,79.82,84.98,93.03,77.05,73,77.12,77.77,79.39,83.23,92.76,81.13,76.11,78.15,79.54,81.05,83.14,93.76,82.91,77.65,79.17,79.24,81.32,85.11,94.99,81.06,77.08,77.37,79.71,78.92,79.9,90.07,78.2,75.54,73.21,78.27,76.03,76.03,82.4,68.64,63.64,65.53,64.92,65.26,66.16,69.19,59,60.63,62.49,63.1,62.37,63.77,67.51,60.4,67.85,57.88,41.53,38.14,35.87,37.66,34.53,37.34,36.6,37.98,36.77,38.99,40.78,36.59,38.2,36.78,37.47,37.36,38.4,37.86,34.48,35.94,36.99,37.18,38.37,37.49,39.94,36.42,38.38
"117","country/region","Slovakia","driving","Slovensko",100,101.89,100.42,100.04,109.34,98.69,94.91,95.38,99.44,101.42,102.73,119.31,99.99,96.78,98.29,101.22,100.6,101.16,113.27,96.94,101.62,103.84,104.3,100.71,106.38,117.68,108.21,105.76,100.43,104.5,110.66,110.58,127.24,119.69,112.7,104.5,107.99,111.44,112.03,122.63,107.5,106.68,103.01,105.1,106.02,105.13,112.45,90.88,92.63,98.39,101.52,106.83,107.18,111,91.05,90.48,86.81,83.1,77.78,70.13,58.52,43.65,42.59,42.59,45.02,46.27,48.54,49.77,36,39.63,43.75,46.58,47.58,51.2,56.31,53.08,50.72,52.41,55.05,57.23,58.71,59.76,52.44,59.09,63.27,74.45,43.78,38.23,30.44,31.24,34.41,39.93,68.71,71.72,73.24,74.63,64.27,60.72,70.21,72.28,73.89,78.38,76.76,64.45,76.78,74.29,78.7,73.39,78.5,66.48,70.85,73.32
"120","country/region","Slovenia","driving","Slovenija",100,100.53,102.17,102.85,111.81,103.15,97.65,104.15,101.68,103.34,110.77,121.38,106.5,96.59,94.91,94.7,100.79,99.88,119.45,110.01,99.68,98.7,95.61,104.38,102.34,122.09,115.24,107.58,108.3,112.47,110.07,132.85,186.34,138.04,119.17,106.58,106.6,109.79,116.48,128.85,120.33,120.12,108.21,102.38,101.07,104.61,114.17,102.13,93.93,93.68,97.15,102.24,100.33,109.3,101.14,98.54,88.86,87.04,85.92,68.77,61.01,42.95,38.98,37.13,36.35,37.31,37.72,37.81,28.86,29.99,30.39,31.83,29.42,29.82,32.57,30.45,29.14,27.37,29.48,31.26,29.51,32.16,24.76,28.35,33.66,35.57,36.68,38.77,35.73,24.74,26.31,32.02,33.42,38.77,41.61,44.21,35.1,35.05,43.37,48.51,52.25,51.37,51.99,37.54,35.15,42.26,50.37,53.68,63.5,48.66,53.72,64.14
"122","country/region","South Africa","driving",NA,100,103.33,102.27,101.82,106.8,89.31,84.96,101.47,105.95,104.83,109.54,120.31,106.57,94.5,107.1,109.67,113.23,117.6,136.04,115.99,106.83,114.67,114.47,114.24,118.54,129.46,104.16,99.9,108.61,113.22,114.45,118.92,139.69,110.5,99.72,106.35,108.74,112.9,113.82,129.7,101.39,92.75,103.24,108.55,113.39,119.81,150.31,122.95,104.57,105.13,108.79,110.74,115.87,135.35,116.99,95.31,99.33,105.24,106.1,104.77,125.37,105.36,82.58,80.35,80.59,78.03,77.22,84.49,65.56,51.97,59.26,66.18,75.8,64.77,11.08,9.82,10.91,14.12,15.45,15.95,16.43,17.28,13.46,13.16,17.04,17.49,17.91,18.73,15.98,16.12,13.3,15.87,19.67,21.39,21.44,21.79,17.87,16.33,21.37,20.85,22.04,22.8,24.78,20.96,17.31,19.86,25.15,27.75,31.81,37.95,35.85,34.08
"124","country/region","Spain","driving","España",100,101.06,103.08,107.43,124.86,123.89,101.5,101.95,102.93,106.88,112.59,127.44,127.66,111.82,105.04,106.33,107.78,112.33,132.37,135.93,120.04,107.89,109.43,110.11,114.99,136.32,139.46,119.97,109.85,111.59,114.33,122.29,150.55,151.96,130.41,114.74,118.75,121.59,126.22,150.25,150.06,131.06,122.17,118.88,119.43,131.03,149.81,145.53,124.66,111.16,110.44,113.99,120.11,140.06,142.84,118.78,102.18,98.95,94.52,80.37,71.42,40.29,23.67,22.6,20.05,18.95,16.94,17.59,12.09,10.93,16.88,16.58,16.26,16.55,16.61,11.9,11.5,15.04,15.06,15.23,15.37,15.54,11.85,11.31,16.55,17.53,17.96,14.04,12.48,13.55,12.69,18.16,20.75,20.82,21.06,20.86,15.25,14.62,21.45,21.85,23.46,25.06,24.36,20.08,20.09,26.01,26.92,27.82,31.67,25.78,30.54,30.64
"127","country/region","Sweden","driving","Sverige",100,100.72,103.7,107.45,111.72,119.02,118.63,103.59,105.71,108.07,108.98,120.11,129.88,120.86,105.32,106.1,108.5,110.73,119.31,128.96,124.8,105.05,106.17,110.49,111.58,121.04,131.85,127.06,106.17,109.44,112.45,115.86,127.85,139.42,131.24,108.78,110.86,116.62,119.94,127.9,140.44,135.95,109.91,113.16,114.81,119.45,124.7,134.96,131.01,106.66,107.93,110.3,113.25,120.88,128.48,124.21,103.79,103.06,101.18,92.71,94.36,95.97,92.1,79.3,77.96,78.77,83.49,84.37,89.08,87.35,76.7,78.65,84.11,87.32,90.68,91.84,88.57,80.65,83.41,84.88,84.57,87.5,86.9,90.01,95.39,96.31,102.94,104.48,90.58,79.24,84.58,94.74,91.83,93.95,94.94,100.77,99.89,99.7,94.34,98.03,101.1,101.83,105.29,105.8,103.91,96.6,98.55,102.37,109.08,96.52,107.87,111.54
"130","country/region","Switzerland","driving","Schweiz",100,102.35,108.16,106.47,119.06,112.18,107.38,103.55,105.97,109.5,107.2,120.2,118.59,108.43,100.31,102.79,108.48,110.11,122.29,115.4,102.66,101.26,102.5,108.49,108.21,124.6,125.47,112.56,103.05,104.92,108.31,110.1,129.38,137.92,112.08,108.35,107.76,108.75,111.07,127.62,136.17,108.61,106.53,106.25,107.91,106.6,114.6,114.48,101.36,96.21,98.2,102.72,102.4,111.37,108.9,106.95,95.1,95.25,97.44,86.01,84.32,74.03,70.65,67.59,59.59,57.32,55.1,51.83,40.3,38.61,48.87,50.18,50.97,51.57,55.34,52.01,42.65,50.7,56.12,56.89,58.03,59.52,54.62,56.98,60.38,64.19,66.9,64.73,58.77,59.63,51.83,62.12,66.63,70.18,71.22,72.89,67.98,66.18,68.48,70.2,74.07,75.19,76.14,69.71,69.02,75.27,73.68,75.68,73.85,71.82,66.34,75.09
"136","country/region","Thailand","driving","ประเทศไทย",100,100.25,106.9,106.81,141.87,143.83,118.67,100.95,97.65,98.01,103.47,146.05,146.28,119,98.11,97.32,96.72,100.38,133.01,133.95,111.02,93.53,93.49,97.06,105.41,168.52,150,127.41,107.4,93.27,93.96,101.64,143.78,132.17,106.38,90.95,89.7,91.05,97.43,130.94,132.85,103.78,89.83,89.39,88.22,90.91,127.98,121.03,98.25,86.08,84.61,87.86,97.04,125.92,117.51,96.72,82.55,81.97,81.09,80.51,103.99,98.2,79.89,69.42,68.51,67.41,67.51,76.95,70.01,57.61,50.96,51.8,47.93,39.22,40.34,38,38.91,39.1,39.95,38.74,39.21,39.47,37.32,35.85,36.68,36.23,36.81,37.29,39.11,36.79,35.36,35.08,35.84,36.73,37.6,39.82,39.49,39.47,39.48,40.52,40.33,41.43,45.73,43.67,42.89,42.45,44.17,47.49,58.8,58.41,55.41,51.97
"138","country/region","Turkey","driving","Türkiye",100,103.22,106.28,109.51,139.77,144.21,126.23,113.38,115.78,121.64,121.24,137.22,147.12,139.6,117.38,120.16,125.39,122.1,133.87,142.13,139.13,102.1,106.42,112.39,106.91,118.36,117.66,113.05,101.9,103.9,105.73,111.09,132.79,134.93,127.12,106.28,108.41,109.91,120.13,128.97,140.83,130.08,104.83,108.22,110.9,108.88,118.39,128.76,130.15,104.12,108.92,109.93,114.39,131.88,155.73,144.8,108.78,108.6,106.5,108.97,125.45,126.89,104.01,84.62,74.75,65.02,57.37,58.37,52.37,46.65,47.92,45.92,46.35,46.97,49.46,45.67,39.56,48.6,47.48,45.59,42.85,47.09,33.08,29.09,36.48,35.2,37.06,37.57,38.86,15.04,19.54,43.99,41.94,40.95,45.06,44.15,15.68,22.23,50.03,51.86,50.48,18.02,15.92,15.36,23.55,52.39,50.66,51.62,50.73,19.47,18.88,25.88
"140","country/region","United Kingdom","driving","United Kingdom",100,104.86,106.4,104.28,109.27,108.3,94.3,103.22,107.88,108.79,106.41,113.54,111.13,95.33,101.81,105.64,106.97,105.43,114.55,112.34,96.88,100.79,106.62,107.82,107.32,114.77,111.59,95.17,108.75,108.02,108.95,109.78,119.65,109.55,101.42,118.6,119.26,121.56,118.33,127.35,115.64,101.34,108.75,108.16,109.74,109.6,122.59,115.93,100.48,104.64,108.34,109.59,109.18,118.61,115.05,97.9,101.47,102.73,102.32,94.18,99.62,94.11,76.22,79.05,69.91,66.55,67.07,68.81,56.73,46.81,52.26,38.31,36.16,35.19,36.93,29.6,24.72,32.8,34.38,34.1,34.25,37.6,31.53,27.02,34.74,36.06,36.67,38.05,34.4,31.74,24.46,29.72,38.71,40.02,40.08,41.72,35.18,31.94,39.99,41.19,42.03,42.36,45.69,39.03,34.9,41.8,41.61,42.53,43.52,47.82,42.57,36.61
"143","country/region","Ukraine","driving","Україна",100,104.63,110.48,106.39,111.8,95.55,94.31,102.26,107.91,108.29,106.03,110.47,98.07,95.04,103.26,106.53,105.46,102.67,114.02,95.95,96.06,103.67,111.17,102.51,101.51,108.61,98.27,96.45,104.5,111.6,114.06,115.46,130.95,108.1,105.35,108.7,113.54,116.4,114.54,121.01,106.91,103.98,107.55,112.16,113.88,114.67,123.43,104.01,97.97,107.47,113.7,112.97,118.39,130.33,108.19,94.1,107.63,111.75,117.72,112.55,110.81,86.44,81.77,91.14,92.99,82.7,78.13,77.21,60.22,55.34,63.26,63.45,64.72,68.26,71.84,59.49,61.03,59.44,59.29,59.66,60.86,62.71,54.31,59.03,58.51,64.05,61.8,64.3,64.78,54.75,57.59,64.68,65.56,66.23,68.98,70.43,52.23,47.29,61.87,68.21,71.41,76.66,77.47,65.65,68.41,75.48,82.54,86.13,92.47,79.3,73.36,81.53
"145","country/region","United Arab Emirates","driving","الإمارات العربية المتحدة",100,102.23,99.74,110.59,116.91,106.6,97.66,98.69,97.72,101.27,112.92,116.76,111.29,102.84,101.32,103.87,99.71,112.27,115.3,108.99,100.02,101.2,98.98,104.9,117.21,123.8,108.76,101.18,101.68,103.02,105.41,118.86,122.43,114.35,107.47,107.09,107.74,110.16,124.39,122.5,109.61,102.9,101.68,99.74,103.81,109.68,110.64,100.67,94.02,90.96,89.6,91.01,103.03,104.73,98.91,92.04,90.3,91.39,87.64,85.43,82.88,71.44,71.41,66.4,63.25,58.5,58.9,56.01,55.18,48.19,42.8,46.04,46.16,40.04,32.91,35.17,38.59,40.23,40.25,41.04,39.5,37.06,40.23,37.86,37.87,37.59,39.17,37.21,39.73,42.36,44.16,42.93,42.46,40.74,41.26,39.71,44.19,42.94,44.13,44.64,45.82,42.94,40.26,45.32,47.06,46.52,46.53,49.03,48.12,51.85,52.22,50.56
"147","country/region","United States of America","driving","US",100,102.97,105.19,108.48,125.51,115.04,90.91,102.57,103.07,103.01,107.9,124.7,120.92,87.32,97.97,101.54,102.2,107.61,126.08,122.32,85.25,98.86,101.99,101.77,107.72,124.07,122.87,91.58,102.93,106.75,109.02,118.36,145.4,132.51,102.27,110.78,109.46,110.85,114.86,135.85,134.35,99.48,106.23,110.27,112.36,118.85,139.8,138.41,101.04,107.73,112.98,113.05,119.74,139.98,137.37,101.64,109.65,111.34,110.97,108.49,117.01,102.87,76.16,84.09,77.04,72.84,70.21,74.33,62.31,46.45,55.73,55.52,55.24,56.81,62.22,52.56,42.96,53.53,53.98,55.49,55.64,60.61,52.22,42.19,53.73,55.27,56.21,56.9,63.87,57.51,37.42,54.98,59.3,63.03,64.11,70.71,65.07,52.71,65.15,65,66.49,68,76.68,72.62,57.06,68.77,71.33,71.86,74.98,88.5,84.34,68.08
"150","country/region","Uruguay","driving",NA,100,96.84,92.9,103.48,114.91,115.03,99.48,93.3,90.33,91.99,91.7,105.14,112.73,94.35,86.79,81.38,77.9,86.05,101.42,115.88,83.72,87.54,87.68,90.01,92.01,108.97,108.71,84.47,97.05,91.78,94.52,101.22,124.23,123.6,91.1,94.13,91.29,96.69,99.72,122.52,140,102.44,101.71,101.88,91.86,90.42,99.91,103.88,76.88,85.03,86.79,87.43,87.65,105.24,109.39,80.85,83.25,82.84,83.37,78.45,90.56,63.22,37.71,46.97,35,30.22,28.53,34.77,28.51,17.88,28.96,26.6,25.98,26.87,31.33,24.88,18.69,28.97,28.71,27.48,29.38,38.33,31.06,20.06,31.53,30.47,31.66,30.94,27.61,32.85,24.94,33.68,28.74,33.16,36.07,45.24,38.41,24.94,39.45,40.19,40.1,42.79,48.61,38.88,26.24,38.65,34.07,43.28,52.36,32.9,43.76,34.37
"152","country/region","Vietnam","driving","Việt Nam",100,104.96,108.67,107.09,121.07,130.4,123.99,122.77,120.96,103.91,70.68,56.81,86.48,125.17,153.73,162.96,149.42,137.38,129.97,127.24,107.57,95.5,92.32,92.22,92.86,99.42,105.93,100.68,100.11,103.18,103.9,109.86,122.23,116.4,102.65,97.81,97.44,98.03,99.91,109.38,116.08,105.12,99.68,98.72,96.6,98.42,109.4,121.78,106.65,95.18,93.59,95.46,97.22,106.24,100.88,91.71,81.57,81.99,80.38,76.95,81.5,84.18,78.15,76.46,71.83,69.91,69.79,72.95,74.29,69.43,65.78,65.91,63.38,63.02,62.06,56.53,54.43,53.34,50.55,43.66,43.27,41.82,41.01,42.45,44.08,44.9,44.87,45.84,47.82,46.42,45.59,46.78,48.57,54.63,56.93,57.54,58.19,58.25,58.33,57.64,60.04,64.88,70.48,75.17,74.14,78.11,85.93,125.94,115.6,108.03,107.64,100.71
